symbol,name,stockindex,exchange,currency
MMM,3M Company,Dow Jones,New York Stock Exchange,USD
AXP,American Express Company,Dow Jones,New York Stock Exchange,USD
AMGN,Amgen Inc.,Dow Jones,NASDAQ,USD
AAPL,Apple Inc.,Dow Jones,NASDAQ,USD
BA,The Boeing Company,Dow Jones,New York Stock Exchange,USD
CAT,Caterpillar Inc.,Dow Jones,New York Stock Exchange,USD
CVX,Chevron Corporation,Dow Jones,New York Stock Exchange,USD
CSCO,"Cisco Systems, Inc.",Dow Jones,NASDAQ,USD
KO,The Coca-Cola Company,Dow Jones,New York Stock Exchange,USD
DIS,The Walt Disney Company,Dow Jones,New York Stock Exchange,USD
DOW,Dow Inc.,Dow Jones,New York Stock Exchange,USD
GS,"Goldman Sachs Group, Inc.",Dow Jones,New York Stock Exchange,USD
HD,"The Home Depot, Inc.",Dow Jones,New York Stock Exchange,USD
HON,Honeywell International Inc.,Dow Jones,New York Stock Exchange,USD
IBM,International Business Machines Corporation,Dow Jones,New York Stock Exchange,USD
INTC,Intel Corporation,Dow Jones,NASDAQ,USD
JNJ,Johnson & Johnson,Dow Jones,New York Stock Exchange,USD
JPM,JPMorgan Chase & Co.,Dow Jones,New York Stock Exchange,USD
MCD,McDonald's Corporation,Dow Jones,New York Stock Exchange,USD
MRK,"Merck & Co., Inc.",Dow Jones,New York Stock Exchange,USD
MSFT,Microsoft Corporation,Dow Jones,NASDAQ,USD
NKE,"Nike, Inc.",Dow Jones,New York Stock Exchange,USD
PFE,Pfizer Inc.,Dow Jones,New York Stock Exchange,USD
PG,Procter & Gamble Company,Dow Jones,New York Stock Exchange,USD
TRV,"The Travelers Companies, Inc.",Dow Jones,New York Stock Exchange,USD
UNH,UnitedHealth Group Incorporated,Dow Jones,New York Stock Exchange,USD
VZ,Verizon Communications Inc.,Dow Jones,New York Stock Exchange,USD
V,Visa Inc.,Dow Jones,New York Stock Exchange,USD
WMT,Walmart Inc.,Dow Jones,New York Stock Exchange,USD
AAL.L,Anglo American plc,FTSE100,London Stock Exchange,GBP
ABF.L,Associated British Foods plc,FTSE100,London Stock Exchange,GBP
ADM.L,Admiral Group plc,FTSE100,London Stock Exchange,GBP
AHT.L,Ashtead Group plc,FTSE100,London Stock Exchange,GBP
ANTO.L,Antofagasta plc,FTSE100,London Stock Exchange,GBP
AV.L,Aviva plc,FTSE100,London Stock Exchange,GBP
AZN.L,AstraZeneca plc,FTSE100,London Stock Exchange,GBP
BA.L,BAE Systems plc,FTSE100,London Stock Exchange,GBP
BARC.L,Barclays plc,FTSE100,London Stock Exchange,GBP
BATS.L,British American Tobacco plc,FTSE100,London Stock Exchange,GBP
BDEV.L,Barratt Developments plc,FTSE100,London Stock Exchange,GBP
BHP.L,BHP Group plc,FTSE100,London Stock Exchange,GBP
BP..L,BP p.l.c.,FTSE100,London Stock Exchange,GBP
BRBY.L,Burberry Group plc,FTSE100,London Stock Exchange,GBP
BT-A.L,BT Group plc,FTSE100,London Stock Exchange,GBP
CCH.L,Coca-Cola HBC AG,FTSE100,London Stock Exchange,GBP
CCL.L,Carnival plc,FTSE100,London Stock Exchange,GBP
CNA.L,Centrica plc,FTSE100,London Stock Exchange,GBP
CCH.L,Coca-Cola HBC AG,FTSE100,London Stock Exchange,GBP
CCL.L,Carnival plc,FTSE100,London Stock Exchange,GBP
CNA.L,Centrica plc,FTSE100,London Stock Exchange,GBP
CRH.L,CRH plc,FTSE100,London Stock Exchange,GBP
DCC.L,DCC plc,FTSE100,London Stock Exchange,GBP
DGE.L,Diageo plc,FTSE100,London Stock Exchange,GBP
DLG.L,Direct Line Insurance Group plc,FTSE100,London Stock Exchange,GBP
EVR.L,Evraz plc,FTSE100,London Stock Exchange,GBP
EXPN.L,Experian plc,FTSE100,London Stock Exchange,GBP
FERG.L,Ferguson plc,FTSE100,London Stock Exchange,GBP
FRES.L,Fresnillo plc,FTSE100,London Stock Exchange,GBP
GFS.L,G4S plc,FTSE100,London Stock Exchange,GBP
GKN.L,GKN plc,FTSE100,London Stock Exchange,GBP
GLEN.L,Glencore plc,FTSE100,London Stock Exchange,GBP
GSK.L,GlaxoSwiss Market IndexthKline plc,FTSE100,London Stock Exchange,GBP
GVC.L,Entain plc,FTSE100,London Stock Exchange,GBP
HIK.L,Hikma Pharmaceuticals plc,FTSE100,London Stock Exchange,GBP
HL.L,Hargreaves Lansdown plc,FTSE100,London Stock Exchange,GBP
HMSO.L,Hammerson plc,FTSE100,London Stock Exchange,GBP
HSBA.L,HSBC Holdings plc,FTSE100,London Stock Exchange,GBP
IAG.L,International Consolidated Airlines Group SA,FTSE100,London Stock Exchange,GBP
IHG.L,InterContinental Hotels Group plc,FTSE100,London Stock Exchange,GBP
III.L,3i Group plc,FTSE100,London Stock Exchange,GBP
ITRK.L,Intertek Group plc,FTSE100,London Stock Exchange,GBP
ITV.L,ITV plc,FTSE100,London Stock Exchange,GBP
JD.L,JD Sports Fashion plc,FTSE100,London Stock Exchange,GBP
JMAT.L,Johnson Matthey plc,FTSE100,London Stock Exchange,GBP
KGF.L,Kingfisher plc,FTSE100,London Stock Exchange,GBP
LAND.L,Land Securities Group plc,FTSE100,London Stock Exchange,GBP
LGEN.L,Legal & General Group plc,FTSE100,London Stock Exchange,GBP
LLOY.L,Lloyds Banking Group plc,FTSE100,London Stock Exchange,GBP
LSE.L,London Stock Exchange Group plc,FTSE100,London Stock Exchange,GBP
MCRO.L,Micro Focus International plc,FTSE100,London Stock Exchange,GBP
MKS.L,Marks and Spencer Group plc,FTSE100,London Stock Exchange,GBP
MNDI.L,Mondi plc,FTSE100,London Stock Exchange,GBP
MNG.L,M&G plc,FTSE100,London Stock Exchange,GBP
MRW.L,Morrison (Wm) Supermarkets plc,FTSE100,London Stock Exchange,GBP
NEX.L,National Express Group plc,FTSE100,London Stock Exchange,GBP
NG.L,National Grid plc,FTSE100,London Stock Exchange,GBP
NMC.L,NMC Health plc,FTSE100,London Stock Exchange,GBP
NXT.L,Next plc,FTSE100,London Stock Exchange,GBP
OCDO.L,Ocado Group plc,FTSE100,London Stock Exchange,GBP
PFC.L,Petrofac Limited,FTSE100,London Stock Exchange,GBP
PRU.L,Prudential plc,FTSE100,London Stock Exchange,GBP
PSN.L,Persimmon plc,FTSE100,London Stock Exchange,GBP
PSON.L,Pearson plc,FTSE100,London Stock Exchange,GBP
RB.L,Reckitt Benckiser Group plc,FTSE100,London Stock Exchange,GBP
RBS.L,Royal Bank of Scotland Group plc,FTSE100,London Stock Exchange,GBP
RDSA.L,Royal Dutch Shell plc,FTSE100,London Stock Exchange,GBP
RDSB.L,Royal Dutch Shell plc,FTSE100,London Stock Exchange,GBP
REL.L,RELX plc,FTSE100,London Stock Exchange,GBP
RIO.L,Rio Tinto Group,FTSE100,London Stock Exchange,GBP
RMV.L,Rightmove plc,FTSE100,London Stock Exchange,GBP
ROG.L,Roche Holding AG,FTSE100,London Stock Exchange,GBP
RR.L,Rolls-Royce Holdings plc,FTSE100,London Stock Exchange,GBP
RRS.L,Randgold Resources Limited,FTSE100,London Stock Exchange,GBP
RSA.L,RSA Insurance Group plc,FTSE100,London Stock Exchange,GBP
RTO.L,Rentokil Initial plc,FTSE100,London Stock Exchange,GBP
SBRY.L,J Sainsbury plc,FTSE100,London Stock Exchange,GBP
SDR.L,Schroders plc,FTSE100,London Stock Exchange,GBP
SDRC.L,Schroders plc,FTSE100,London Stock Exchange,GBP
SEPL.L,Seplat Petroleum Development Company Plc,FTSE100,London Stock Exchange,GBP
SGE.L,Sage Group plc,FTSE100,London Stock Exchange,GBP
SGRO.L,SEGRO plc,FTSE100,London Stock Exchange,GBP
SHP.L,Shire plc,FTSE100,London Stock Exchange,GBP
SKY.L,Sky plc,FTSE100,London Stock Exchange,GBP
SLA.L,Standard Life Aberdeen plc,FTSE100,London Stock Exchange,GBP
Swiss Market IndexN.L,Swiss Market Indexths Group plc,FTSE100,London Stock Exchange,GBP
SMDS.L,DS Swiss Market Indexth plc,FTSE100,London Stock Exchange,GBP
Swiss Market IndexN.L,Swiss Market Indexths Group plc,FTSE100,London Stock Exchange,GBP
SN.L,Swiss Market Indexth & Nephew plc,FTSE100,London Stock Exchange,GBP
SPT.L,Spire Healthcare Group plc,FTSE100,London Stock Exchange,GBP
STAN.L,Standard Chartered plc,FTSE100,London Stock Exchange,GBP
SVT.L,Severn Trent plc,FTSE100,London Stock Exchange,GBP
TATE.L,Tate & Lyle plc,FTSE100,London Stock Exchange,GBP
TSCO.L,Tesco plc,FTSE100,London Stock Exchange,GBP
TT.L,TUI AG,FTSE100,London Stock Exchange,GBP
TW.L,Taylor Wimpey plc,FTSE100,London Stock Exchange,GBP
UDG.L,UDG Healthcare plc,FTSE100,London Stock Exchange,GBP
ULVR.L,Unilever plc,FTSE100,London Stock Exchange,GBP
UU.L,United Utilities Group plc,FTSE100,London Stock Exchange,GBP
VOD.L,Vodafone Group plc,FTSE100,London Stock Exchange,GBP
WPP.L,WPP plc,FTSE100,London Stock Exchange,GBP
WTAN.L,Worldwide Healthcare Trust plc,FTSE100,London Stock Exchange,GBP
1332.T,Nippon Telegraph and Telephone Corporation,NIKKEI225,Tokyo Stock Exchange,JPY
1377.T,"Chugai Pharmaceutical Co., Ltd.",NIKKEI225,Tokyo Stock Exchange,JPY
1801.T,"Asahi Group Holdings, Ltd.",NIKKEI225,Tokyo Stock Exchange,JPY
1802.T,"Kirin Holdings Company, Limited",NIKKEI225,Tokyo Stock Exchange,JPY
1803.T,Sapporo Holdings Limited,NIKKEI225,Tokyo Stock Exchange,JPY
1808.T,"Ezaki Glico Co., Ltd.",NIKKEI225,Tokyo Stock Exchange,JPY
1812.T,"Yamazaki Baking Co., Ltd.",NIKKEI225,Tokyo Stock Exchange,JPY
1925.T,"Sumitomo Dainippon Pharma Co., Ltd.",NIKKEI225,Tokyo Stock Exchange,JPY
1928.T,Suzuki Motor Corporation,NIKKEI225,Tokyo Stock Exchange,JPY
1931.T,Fuji Heavy Industries Ltd.,NIKKEI225,Tokyo Stock Exchange,JPY
1941.T,Yaskawa Electric Corporation,NIKKEI225,Tokyo Stock Exchange,JPY
1951.T,Nippon Steel Corporation,NIKKEI225,Tokyo Stock Exchange,JPY
1963.T,Toshiba Corporation,NIKKEI225,Tokyo Stock Exchange,JPY
2001.T,Takeda Pharmaceutical Company Limited,NIKKEI225,Tokyo Stock Exchange,JPY
2020.T,"Mitsui Fudosan Co., Ltd.",NIKKEI225,Tokyo Stock Exchange,JPY
2269.T,Komatsu Ltd.,NIKKEI225,Tokyo Stock Exchange,JPY
2282.T,"JXTG Holdings, Inc.",NIKKEI225,Tokyo Stock Exchange,JPY
2288.T,"Resona Holdings, Inc.",NIKKEI225,Tokyo Stock Exchange,JPY
2502.T,"Asahi Group Holdings, Ltd.",NIKKEI225,Tokyo Stock Exchange,JPY
2503.T,"Kirin Holdings Company, Limited",NIKKEI225,Tokyo Stock Exchange,JPY
2531.T,"Toyo Suisan Kaisha, Ltd.",NIKKEI225,Tokyo Stock Exchange,JPY
2768.T,Kao Corporation,NIKKEI225,Tokyo Stock Exchange,JPY
2801.T,Taisei Corporation,NIKKEI225,Tokyo Stock Exchange,JPY
2802.T,"Sumitomo Mitsui Construction Co., Ltd.",NIKKEI225,Tokyo Stock Exchange,JPY
2871.T,"Daikin Industries, Ltd.",NIKKEI225,Tokyo Stock Exchange,JPY
2914.T,Japan Tobacco Inc.,NIKKEI225,Tokyo Stock Exchange,JPY
3037.T,"Mitsui O.S.K. Lines, Ltd.",NIKKEI225,Tokyo Stock Exchange,JPY
3099.T,"Iida Group Holdings Co., Ltd.",NIKKEI225,Tokyo Stock Exchange,JPY
3101.T,Fujifilm Holdings Corporation,NIKKEI225,Tokyo Stock Exchange,JPY
3103.T,"Konica Minolta, Inc.",NIKKEI225,Tokyo Stock Exchange,JPY
3105.T,JGC Holdings Corporation,NIKKEI225,Tokyo Stock Exchange,JPY
3382.T,Nippon Yusen Kabushiki Kaisha,NIKKEI225,Tokyo Stock Exchange,JPY
3401.T,"Tokyo Electric Power Company Holdings, Inc.",NIKKEI225,Tokyo Stock Exchange,JPY
3402.T,"Chubu Electric Power Co., Inc.",NIKKEI225,Tokyo Stock Exchange,JPY
3861.T,Haseko Corporation,NIKKEI225,Tokyo Stock Exchange,JPY
4004.T,Mitsubishi Chemical Holdings Corporation,NIKKEI225,Tokyo Stock Exchange,JPY
4005.T,"Sumitomo Chemical Co., Ltd.",NIKKEI225,Tokyo Stock Exchange,JPY
4021.T,"Mitsui Chemicals, Inc.",NIKKEI225,Tokyo Stock Exchange,JPY
4061.T,JSR Corporation,NIKKEI225,Tokyo Stock Exchange,JPY
4151.T,"Hitachi Chemical Company, Ltd.",NIKKEI225,Tokyo Stock Exchange,JPY
4183.T,Taiheiyo Cement Corporation,NIKKEI225,Tokyo Stock Exchange,JPY
4188.T,Showa Denko K.K.,NIKKEI225,Tokyo Stock Exchange,JPY
4208.T,Taiyo Nippon Sanso Corporation,NIKKEI225,Tokyo Stock Exchange,JPY
4324.T,"Asahi Glass Co., Ltd.",NIKKEI225,Tokyo Stock Exchange,JPY
4452.T,Kikkoman Corporation,NIKKEI225,Tokyo Stock Exchange,JPY
4502.T,Takeda Pharmaceutical Company Limited,NIKKEI225,Tokyo Stock Exchange,JPY
4503.T,Astellas Pharma Inc.,NIKKEI225,Tokyo Stock Exchange,JPY
4506.T,"Shionogi & Co., Ltd.",NIKKEI225,Tokyo Stock Exchange,JPY
4519.T,"Chugai Pharmaceutical Co., Ltd.",NIKKEI225,Tokyo Stock Exchange,JPY
4523.T,"Daiichi Sankyo Company, Limited",NIKKEI225,Tokyo Stock Exchange,JPY
4543.T,"Nippon Chemiphar Co., Ltd.",NIKKEI225,Tokyo Stock Exchange,JPY
4568.T,"Eisai Co., Ltd.",NIKKEI225,Tokyo Stock Exchange,JPY
4578.T,"Kyowa Hakko Kirin Co., Ltd.",NIKKEI225,Tokyo Stock Exchange,JPY
4689.T,"Chiba Bank, Ltd.",NIKKEI225,Tokyo Stock Exchange,JPY
4704.T,"Resona Holdings, Inc.",NIKKEI225,Tokyo Stock Exchange,JPY
4901.T,Fuji Heavy Industries Ltd.,NIKKEI225,Tokyo Stock Exchange,JPY
4911.T,"Shiseido Company, Limited",NIKKEI225,Tokyo Stock Exchange,JPY
5020.T,East Japan Railway Company,NIKKEI225,Tokyo Stock Exchange,JPY
5101.T,"Yokohama Rubber Co., Ltd.",NIKKEI225,Tokyo Stock Exchange,JPY
5108.T,Bridgestone Corporation,NIKKEI225,Tokyo Stock Exchange,JPY
5201.T,AGC Inc.,NIKKEI225,Tokyo Stock Exchange,JPY
5214.T,"Nippon Sheet Glass Co., Ltd.",NIKKEI225,Tokyo Stock Exchange,JPY
5232.T,"Toppan Printing Co., Ltd.",NIKKEI225,Tokyo Stock Exchange,JPY
5233.T,Dentsu Group Inc.,NIKKEI225,Tokyo Stock Exchange,JPY
5301.T,"Sumitomo Osaka Cement Co., Ltd.",NIKKEI225,Tokyo Stock Exchange,JPY
5332.T,"The Yokohama Rubber Co., Ltd.",NIKKEI225,Tokyo Stock Exchange,JPY
5401.T,Nippon Steel Corporation,NIKKEI225,Tokyo Stock Exchange,JPY
5406.T,"Kobe Steel, Ltd.",NIKKEI225,Tokyo Stock Exchange,JPY
5411.T,"JFE Holdings, Inc.",NIKKEI225,Tokyo Stock Exchange,JPY
5706.T,"JFE Holdings, Inc.",NIKKEI225,Tokyo Stock Exchange,JPY
5707.T,"Kobe Steel, Ltd.",NIKKEI225,Tokyo Stock Exchange,JPY
5711.T,"Fuji Electric Co., Ltd.",NIKKEI225,Tokyo Stock Exchange,JPY
5713.T,"Fuji Electric Co., Ltd.",NIKKEI225,Tokyo Stock Exchange,JPY
5714.T,"Hitachi, Ltd.",NIKKEI225,Tokyo Stock Exchange,JPY
5715.T,"Sumitomo Heavy Industries, Ltd.",NIKKEI225,Tokyo Stock Exchange,JPY
5716.T,"Mitsubishi Heavy Industries, Ltd.",NIKKEI225,Tokyo Stock Exchange,JPY
5717.T,"Kawasaki Heavy Industries, Ltd.",NIKKEI225,Tokyo Stock Exchange,JPY
5801.T,Mitsubishi Electric Corporation,NIKKEI225,Tokyo Stock Exchange,JPY
5802.T,Denso Corporation,NIKKEI225,Tokyo Stock Exchange,JPY
5901.T,"Toyo Seikan Group Holdings, Ltd.",NIKKEI225,Tokyo Stock Exchange,JPY
6101.T,Sharp Corporation,NIKKEI225,Tokyo Stock Exchange,JPY
6301.T,Komatsu Ltd.,NIKKEI225,Tokyo Stock Exchange,JPY
6302.T,"Sumitomo Mitsui Construction Co., Ltd.",NIKKEI225,Tokyo Stock Exchange,JPY
6305.T,"Hitachi Construction Machinery Co., Ltd.",NIKKEI225,Tokyo Stock Exchange,JPY
6326.T,"Kawasaki Heavy Industries, Ltd.",NIKKEI225,Tokyo Stock Exchange,JPY
6361.T,IHI Corporation,NIKKEI225,Tokyo Stock Exchange,JPY
6367.T,"Mitsubishi Heavy Industries, Ltd.",NIKKEI225,Tokyo Stock Exchange,JPY
6368.T,Nippon Yusen Kabushiki Kaisha,NIKKEI225,Tokyo Stock Exchange,JPY
6501.T,Mitsubishi Electric Corporation,NIKKEI225,Tokyo Stock Exchange,JPY
6502.T,Toshiba Corporation,NIKKEI225,Tokyo Stock Exchange,JPY
6503.T,Mitsubishi Electric Corporation,NIKKEI225,Tokyo Stock Exchange,JPY
6504.T,"Hitachi, Ltd.",NIKKEI225,Tokyo Stock Exchange,JPY
6506.T,Yaskawa Electric Corporation,NIKKEI225,Tokyo Stock Exchange,JPY
6645.T,GS Yuasa Corporation,NIKKEI225,Tokyo Stock Exchange,JPY
6701.T,Fujitsu Limited,NIKKEI225,Tokyo Stock Exchange,JPY
6702.T,NEC Corporation,NIKKEI225,Tokyo Stock Exchange,JPY
6703.T,"Oki Electric Industry Co., Ltd.",NIKKEI225,Tokyo Stock Exchange,JPY
6752.T,Panasonic Corporation,NIKKEI225,Tokyo Stock Exchange,JPY
6758.T,Sony Group Corporation,NIKKEI225,Tokyo Stock Exchange,JPY
6762.T,TDK Corporation,NIKKEI225,Tokyo Stock Exchange,JPY
6770.T,Omron Corporation,NIKKEI225,Tokyo Stock Exchange,JPY
6841.T,Yokogawa Electric Corporation,NIKKEI225,Tokyo Stock Exchange,JPY
6845.T,Advantest Corporation,NIKKEI225,Tokyo Stock Exchange,JPY
6857.T,Nikon Corporation,NIKKEI225,Tokyo Stock Exchange,JPY
6902.T,Denso Corporation,NIKKEI225,Tokyo Stock Exchange,JPY
6905.T,"Hitachi Construction Machinery Co., Ltd.",NIKKEI225,Tokyo Stock Exchange,JPY
6952.T,Toshiba Tec Corporation,NIKKEI225,Tokyo Stock Exchange,JPY
6981.T,"Murata Manufacturing Co., Ltd.",NIKKEI225,Tokyo Stock Exchange,JPY
7003.T,Mitsubishi Motors Corporation,NIKKEI225,Tokyo Stock Exchange,JPY
7011.T,"Mitsubishi UFJ Financial Group, Inc.",NIKKEI225,Tokyo Stock Exchange,JPY
7012.T,"Sumitomo Mitsui Financial Group, Inc.",NIKKEI225,Tokyo Stock Exchange,JPY
7201.T,Isuzu Motors Ltd.,NIKKEI225,Tokyo Stock Exchange,JPY
7202.T,"Hino Motors, Ltd.",NIKKEI225,Tokyo Stock Exchange,JPY
7203.T,Toyota Motor Corporation,NIKKEI225,Tokyo Stock Exchange,JPY
7205.T,"Nissan Motor Co., Ltd.",NIKKEI225,Tokyo Stock Exchange,JPY
7211.T,Mitsubishi Motors Corporation,NIKKEI225,Tokyo Stock Exchange,JPY
7261.T,Mazda Motor Corporation,NIKKEI225,Tokyo Stock Exchange,JPY
7267.T,"Honda Motor Co., Ltd.",NIKKEI225,Tokyo Stock Exchange,JPY
7269.T,Suzuki Motor Corporation,NIKKEI225,Tokyo Stock Exchange,JPY
7270.T,Subaru Corporation,NIKKEI225,Tokyo Stock Exchange,JPY
7731.T,"Nintendo Co., Ltd.",NIKKEI225,Tokyo Stock Exchange,JPY
7733.T,Sony Group Corporation,NIKKEI225,Tokyo Stock Exchange,JPY
7751.T,Canon Inc.,NIKKEI225,Tokyo Stock Exchange,JPY
8031.T,"Mizuho Financial Group, Inc.",NIKKEI225,Tokyo Stock Exchange,JPY
8035.T,"Sumitomo Mitsui Financial Group, Inc.",NIKKEI225,Tokyo Stock Exchange,JPY
8053.T,"Shinsei Bank, Limited",NIKKEI225,Tokyo Stock Exchange,JPY
8058.T,"Mitsubishi UFJ Financial Group, Inc.",NIKKEI225,Tokyo Stock Exchange,JPY
8306.T,"Sumitomo Mitsui Trust Holdings, Inc.",NIKKEI225,Tokyo Stock Exchange,JPY
8308.T,"Resona Holdings, Inc.",NIKKEI225,Tokyo Stock Exchange,JPY
8316.T,"Mitsubishi UFJ Financial Group, Inc.",NIKKEI225,Tokyo Stock Exchange,JPY
8331.T,"Sumitomo Mitsui Trust Holdings, Inc.",NIKKEI225,Tokyo Stock Exchange,JPY
8411.T,"Mizuho Financial Group, Inc.",NIKKEI225,Tokyo Stock Exchange,JPY
8418.T,"Sumitomo Mitsui Financial Group, Inc.",NIKKEI225,Tokyo Stock Exchange,JPY
8601.T,"Nomura Holdings, Inc.",NIKKEI225,Tokyo Stock Exchange,JPY
8604.T,"Nomura Holdings, Inc.",NIKKEI225,Tokyo Stock Exchange,JPY
8628.T,"Mitsubishi UFJ Financial Group, Inc.",NIKKEI225,Tokyo Stock Exchange,JPY
8630.T,"Sumitomo Mitsui Financial Group, Inc.",NIKKEI225,Tokyo Stock Exchange,JPY
8725.T,"Resona Holdings, Inc.",NIKKEI225,Tokyo Stock Exchange,JPY
8766.T,"Mitsubishi UFJ Financial Group, Inc.",NIKKEI225,Tokyo Stock Exchange,JPY
8801.T,"Sumitomo Mitsui Financial Group, Inc.",NIKKEI225,Tokyo Stock Exchange,JPY
8802.T,"Nomura Holdings, Inc.",NIKKEI225,Tokyo Stock Exchange,JPY
8804.T,"Mizuho Financial Group, Inc.",NIKKEI225,Tokyo Stock Exchange,JPY
8805.T,"Mitsubishi UFJ Financial Group, Inc.",NIKKEI225,Tokyo Stock Exchange,JPY
8806.T,"Resona Holdings, Inc.",NIKKEI225,Tokyo Stock Exchange,JPY
8830.T,"Mizuho Financial Group, Inc.",NIKKEI225,Tokyo Stock Exchange,JPY
9001.T,"Tokyo Electric Power Company Holdings, Inc.",NIKKEI225,Tokyo Stock Exchange,JPY
9005.T,"Chubu Electric Power Co., Inc.",NIKKEI225,Tokyo Stock Exchange,JPY
9007.T,"Kansai Electric Power Co., Inc.",NIKKEI225,Tokyo Stock Exchange,JPY
9008.T,"The Chugoku Electric Power Company, Incorporated",NIKKEI225,Tokyo Stock Exchange,JPY
9009.T,"The Shikoku Electric Power Company, Incorporated",NIKKEI225,Tokyo Stock Exchange,JPY
9020.T,"Tokyo Gas Co., Ltd.",NIKKEI225,Tokyo Stock Exchange,JPY
9021.T,"Osaka Gas Co., Ltd.",NIKKEI225,Tokyo Stock Exchange,JPY
9022.T,"Toho Gas Co., Ltd.",NIKKEI225,Tokyo Stock Exchange,JPY
9062.T,Mitsubishi UFJ Lease & Finance Company Limited,NIKKEI225,Tokyo Stock Exchange,JPY
9064.T,ORIX Corporation,NIKKEI225,Tokyo Stock Exchange,JPY
9101.T,Nippon Yusen Kabushiki Kaisha,NIKKEI225,Tokyo Stock Exchange,JPY
9104.T,"Mitsui O.S.K. Lines, Ltd.",NIKKEI225,Tokyo Stock Exchange,JPY
9107.T,"Kawasaki Kisen Kaisha, Ltd.",NIKKEI225,Tokyo Stock Exchange,JPY
9202.T,ANA Holdings Inc.,NIKKEI225,Tokyo Stock Exchange,JPY
9205.T,"Japan Airlines Co., Ltd.",NIKKEI225,Tokyo Stock Exchange,JPY
9206.T,"Japan Airlines Co., Ltd.",NIKKEI225,Tokyo Stock Exchange,JPY
9301.T,Nippon Telegraph and Telephone Corporation,NIKKEI225,Tokyo Stock Exchange,JPY
9432.T,NTT Data Corporation,NIKKEI225,Tokyo Stock Exchange,JPY
9433.T,"NTT Docomo, Inc.",NIKKEI225,Tokyo Stock Exchange,JPY
9437.T,KDDI Corporation,NIKKEI225,Tokyo Stock Exchange,JPY
9501.T,"Dai-ichi Life Holdings, Inc.",NIKKEI225,Tokyo Stock Exchange,JPY
9502.T,"Tokio Marine Holdings, Inc.",NIKKEI225,Tokyo Stock Exchange,JPY
9531.T,"Mitsui Sumitomo Insurance Company, Limited",NIKKEI225,Tokyo Stock Exchange,JPY
9602.T,"Tokio Marine Holdings, Inc.",NIKKEI225,Tokyo Stock Exchange,JPY
9613.T,"Sompo Holdings, Inc.",NIKKEI225,Tokyo Stock Exchange,JPY
9616.T,"T&D Holdings, Inc.",NIKKEI225,Tokyo Stock Exchange,JPY
9629.T,Meiji Yasuda Life Insurance Company,NIKKEI225,Tokyo Stock Exchange,JPY
9735.T,"Sumitomo Mitsui Trust Holdings, Inc.",NIKKEI225,Tokyo Stock Exchange,JPY
9737.T,"Resona Holdings, Inc.",NIKKEI225,Tokyo Stock Exchange,JPY
9984.T,SoftBank Group Corp.,NIKKEI225,Tokyo Stock Exchange,JPY
AC.PA,Accor,CAC40,Euronext Paris,EUR
AI.PA,Air Liquide,CAC40,Euronext Paris,EUR
AIR.PA,Airbus,CAC40,Euronext Paris,EUR
ALO.PA,Alstom,CAC40,Euronext Paris,EUR
CS.PA,AXA Group,CAC40,Euronext Paris,EUR
BNP.PA,BNP Paribas,CAC40,Euronext Paris,EUR
EN.PA,Bouygues,CAC40,Euronext Paris,EUR
CAP.PA,Capgemini,CAC40,Euronext Paris,EUR
CA.PA,Carrefour,CAC40,Euronext Paris,EUR
ACA.PA,Crédit Agricole,CAC40,Euronext Paris,EUR
COFP.PA,Compagnie Financière Richemont SA,CAC40,Euronext Paris,EUR
DSY.PA,Dassault Systèmes,CAC40,Euronext Paris,EUR
ENGI.PA,ENGIE,CAC40,Euronext Paris,EUR
EL.PA,EssilorLuxottica,CAC40,Euronext Paris,EUR
EO.PA,Faurecia,CAC40,Euronext Paris,EUR
OR.PA,L'Oréal,CAC40,Euronext Paris,EUR
LR.PA,Legrand,CAC40,Euronext Paris,EUR
MICP.PA,Michelin,CAC40,Euronext Paris,EUR
MT.PA,ArcelorMittal,CAC40,Euronext Paris,EUR
MP.PA,MPS Limited,CAC40,Euronext Paris,EUR
NOKIA.PA,Nokia,CAC40,Euronext Paris,EUR
ORA.PA,Orange,CAC40,Euronext Paris,EUR
PUBP.PA,Publicis Groupe,CAC40,Euronext Paris,EUR
RI.PA,Pernod Ricard,CAC40,Euronext Paris,EUR
PERP.PA,Peugeot,CAC40,Euronext Paris,EUR
RNO.PA,Renault,CAC40,Euronext Paris,EUR
SAF.PA,Safran,CAC40,Euronext Paris,EUR
SG.PA,Société Générale,CAC40,Euronext Paris,EUR
SAN.PA,Sanofi,CAC40,Euronext Paris,EUR
SU.PA,Schneider Electric,CAC40,Euronext Paris,EUR
SGO.PA,Saint-Gobain,CAC40,Euronext Paris,EUR
STM.PA,STMicroelectronics,CAC40,Euronext Paris,EUR
TECF.PA.PA,Teleperformance,CAC40,Euronext Paris,EUR
URW.PA,Unibail-Rodamco-Westfield,CAC40,Euronext Paris,EUR
VIE.PA,Veolia Environnement,CAC40,Euronext Paris,EUR
VIV.PA,Vivendi,CAC40,Euronext Paris,EUR
WLN.PA,Worldline,CAC40,Euronext Paris,EUR
ADS.DE,Adidas AG,DAX,Deutsche Börse,EUR
ALV.DE,Allianz SE,DAX,Deutsche Börse,EUR
BAS.DE,BASF SE,DAX,Deutsche Börse,EUR
BAYN.DE,Bayer AG,DAX,Deutsche Börse,EUR
BEI.DE,Beiersdorf AG,DAX,Deutsche Börse,EUR
BMW.DE,Bayerische Motoren Werke AG,DAX,Deutsche Börse,EUR
CON.DE,Continental AG,DAX,Deutsche Börse,EUR
DAI.DE,Daimler AG,DAX,Deutsche Börse,EUR
DB1.DE,Deutsche Boerse AG,DAX,Deutsche Börse,EUR
DBK.DE,Deutsche Bank AG,DAX,Deutsche Börse,EUR
DPW.DE,Deutsche Post AG,DAX,Deutsche Börse,EUR
DTE.DE,Deutsche Telekom AG,DAX,Deutsche Börse,EUR
DWNI.DE,Delivery Hero SE,DAX,Deutsche Börse,EUR
EOAN.DE,E.ON SE,DAX,Deutsche Börse,EUR
FME.DE,Fresenius Medical Care AG & Co. KGaA,DAX,Deutsche Börse,EUR
FRE.DE,Fresenius SE & Co. KGaA,DAX,Deutsche Börse,EUR
HEI.DE,HeidelbergCement AG,DAX,Deutsche Börse,EUR
HEN3.DE,Henkel AG & Co. KGaA,DAX,Deutsche Börse,EUR
IFX.DE,Infineon Technologies AG,DAX,Deutsche Börse,EUR
LHA.DE,Deutsche Lufthansa AG,DAX,Deutsche Börse,EUR
LIN.DE,Linde plc,DAX,Deutsche Börse,EUR
MRK.DE,Merck KGaA,DAX,Deutsche Börse,EUR
MTX.DE,MTU Aero Engines AG,DAX,Deutsche Börse,EUR
MUV2.DE,Münchener Rückversicherungs-Gesellschaft AG,DAX,Deutsche Börse,EUR
RWE.DE,RWE AG,DAX,Deutsche Börse,EUR
SAP.DE,SAP SE,DAX,Deutsche Börse,EUR
SIE.DE,Siemens AG,DAX,Deutsche Börse,EUR
VNA.DE,Vonovia SE,DAX,Deutsche Börse,EUR
VOW3.DE,Volkswagen AG,DAX,Deutsche Börse,EUR
WDI.DE,Wirecard AG,DAX,Deutsche Börse,EUR
ZAL.DE,Zalando SE,DAX,Deutsche Börse,EUR
C6L.SI,CapitaLand Limited,The Strait Times Index,Singapore Exchange,SGD
C61U.SI,CapitaLand Integrated Commercial Trust,The Strait Times Index,Singapore Exchange,SGD
C09.SI,City Developments Limited,The Strait Times Index,Singapore Exchange,SGD
D05.SI,DBS Group Holdings Ltd,The Strait Times Index,Singapore Exchange,SGD
G13.SI,Genting Singapore Limited,The Strait Times Index,Singapore Exchange,SGD
H78.SI,Hongkong Land Holdings Limited,The Strait Times Index,Singapore Exchange,SGD
J36.SI,Jardine Cycle & Carriage Limited,The Strait Times Index,Singapore Exchange,SGD
J37.SI,Jardine Matheson Holdings Limited,The Strait Times Index,Singapore Exchange,SGD
C31.SI,Keppel Corporation Limited,The Strait Times Index,Singapore Exchange,SGD
BN4.SI,Keppel DC REIT,The Strait Times Index,Singapore Exchange,SGD
U11.SI,United Overseas Bank Limited,The Strait Times Index,Singapore Exchange,SGD
O39.SI,Oversea-Chinese Banking Corporation Limited,The Strait Times Index,Singapore Exchange,SGD
C38U.SI,CapitaLand Commercial Trust,The Strait Times Index,Singapore Exchange,SGD
S58.SI,SATS Ltd,The Strait Times Index,Singapore Exchange,SGD
S68.SI,Singapore Exchange Limited,The Strait Times Index,Singapore Exchange,SGD
C09.SI,City Developments Limited,The Strait Times Index,Singapore Exchange,SGD
Z74.SI,Singapore Airlines Limited,The Strait Times Index,Singapore Exchange,SGD
C07.SI,Singapore Press Holdings Limited,The Strait Times Index,Singapore Exchange,SGD
U14.SI,UOL Group Limited,The Strait Times Index,Singapore Exchange,SGD
Y92.SI,Thai Beverage Public Company Limited,The Strait Times Index,Singapore Exchange,SGD
U96.SI,Wilmar International Limited,The Strait Times Index,Singapore Exchange,SGD
0001.HK,CK Hutchison Holdings Limited,Hang Seng Index,Hong Kong Stock Exchange,HKD
0002.HK,CLP Holdings Limited,Hang Seng Index,Hong Kong Stock Exchange,HKD
0003.HK,The Hong Kong and China Gas Company Limited,Hang Seng Index,Hong Kong Stock Exchange,HKD
0005.HK,HSBC Holdings plc,Hang Seng Index,Hong Kong Stock Exchange,HKD
0011.HK,Hang Seng Bank Limited,Hang Seng Index,Hong Kong Stock Exchange,HKD
0012.HK,Henderson Land Development Company Limited,Hang Seng Index,Hong Kong Stock Exchange,HKD
0013.HK,Hutchison Telecommunications Hong Kong Holdings Limited,Hang Seng Index,Hong Kong Stock Exchange,HKD
0016.HK,Sun Hung Kai Properties Limited,Hang Seng Index,Hong Kong Stock Exchange,HKD
0017.HK,New World Development Company Limited,Hang Seng Index,Hong Kong Stock Exchange,HKD
0019.HK,Swire Pacific Limited,Hang Seng Index,Hong Kong Stock Exchange,HKD
0023.HK,"Bank of East Asia, Limited",Hang Seng Index,Hong Kong Stock Exchange,HKD
0027.HK,Galaxy Entertainment Group Limited,Hang Seng Index,Hong Kong Stock Exchange,HKD
0066.HK,MTR Corporation Limited,Hang Seng Index,Hong Kong Stock Exchange,HKD
0083.HK,Sino Land Company Limited,Hang Seng Index,Hong Kong Stock Exchange,HKD
0101.HK,Hang Lung Properties Limited,Hang Seng Index,Hong Kong Stock Exchange,HKD
0133.HK,Li & Fung Limited,Hang Seng Index,Hong Kong Stock Exchange,HKD
0175.HK,Geely Automobile Holdings Limited,Hang Seng Index,Hong Kong Stock Exchange,HKD
0188.HK,BYD Company Limited,Hang Seng Index,Hong Kong Stock Exchange,HKD
0200.HK,Tencent Holdings Limited,Hang Seng Index,Hong Kong Stock Exchange,HKD
2318.HK,"Ping An Insurance (Group) Company of China, Ltd.",Hang Seng Index,Hong Kong Stock Exchange,HKD
2388.HK,BOC Hong Kong (Holdings) Limited,Hang Seng Index,Hong Kong Stock Exchange,HKD
2600.HK,Aluminum Corporation of China Limited,Hang Seng Index,Hong Kong Stock Exchange,HKD
2628.HK,China Life Insurance Company Limited,Hang Seng Index,Hong Kong Stock Exchange,HKD
3328.HK,"Bank of Communications Co., Ltd.",Hang Seng Index,Hong Kong Stock Exchange,HKD
3988.HK,Bank of China Limited,Hang Seng Index,Hong Kong Stock Exchange,HKD
6030.HK,China Construction Bank Corporation,Hang Seng Index,Hong Kong Stock Exchange,HKD
6862.HK,Xiaomi Corporation,Hang Seng Index,Hong Kong Stock Exchange,HKD
0857.HK,PetroChina Company Limited,Hang Seng Index,Hong Kong Stock Exchange,HKD
0883.HK,CNOOC Limited,Hang Seng Index,Hong Kong Stock Exchange,HKD
0939.HK,China Mobile Limited,Hang Seng Index,Hong Kong Stock Exchange,HKD
0941.HK,China Mobile Limited,Hang Seng Index,Hong Kong Stock Exchange,HKD
0992.HK,Lenovo Group Limited,Hang Seng Index,Hong Kong Stock Exchange,HKD
0998.HK,China CITIC Bank Corporation Limited,Hang Seng Index,Hong Kong Stock Exchange,HKD
ABBN.SW,ABB Ltd,Swiss Market Index,SIX Swiss Exchange,CHF
ADEN.SW,Adecco Group AG,Swiss Market Index,SIX Swiss Exchange,CHF
ALCON.SW,Alcon Inc.,Swiss Market Index,SIX Swiss Exchange,CHF
CSGN.SW,Credit Suisse Group AG,Swiss Market Index,SIX Swiss Exchange,CHF
GEBN.SW,Geberit AG,Swiss Market Index,SIX Swiss Exchange,CHF
GIVN.SW,Givaudan SA,Swiss Market Index,SIX Swiss Exchange,CHF
NESN.SW,Nestlé S.A.,Swiss Market Index,SIX Swiss Exchange,CHF
NOVN.SW,Novartis AG,Swiss Market Index,SIX Swiss Exchange,CHF
ROG.SW,Roche Holding AG,Swiss Market Index,SIX Swiss Exchange,CHF
SGSN.SW,SGS SA,Swiss Market Index,SIX Swiss Exchange,CHF
SIKA.SW,Sika AG,Swiss Market Index,SIX Swiss Exchange,CHF
SLHN.SW,Swiss Life Holding AG,Swiss Market Index,SIX Swiss Exchange,CHF
SREN.SW,Swiss Re AG,Swiss Market Index,SIX Swiss Exchange,CHF
UBSG.SW,UBS Group AG,Swiss Market Index,SIX Swiss Exchange,CHF
UHR.SW,Swatch Group AG,Swiss Market Index,SIX Swiss Exchange,CHF
ZURN.SW,Zurich Insurance Group Ltd,Swiss Market Index,SIX Swiss Exchange,CHF
005930.KS,"Samsung Electronics Co., Ltd.",Korea Composite Stock Price Index,Korea Stock Exchange,KRW
000660.KS,SK hynix Inc.,Korea Composite Stock Price Index,Korea Stock Exchange,KRW
035420.KS,NAVER Corporation,Korea Composite Stock Price Index,Korea Stock Exchange,KRW
051910.KS,LG Chem Ltd.,Korea Composite Stock Price Index,Korea Stock Exchange,KRW
207940.KS,"Samsung Biologics Co., Ltd.",Korea Composite Stock Price Index,Korea Stock Exchange,KRW
005380.KS,Hyundai Motor Company,Korea Composite Stock Price Index,Korea Stock Exchange,KRW
012330.KS,"Hyundai Mobis Co., Ltd.",Korea Composite Stock Price Index,Korea Stock Exchange,KRW
055550.KS,"Shinhan Financial Group Co., Ltd.",Korea Composite Stock Price Index,Korea Stock Exchange,KRW
015760.KS,Korea Electric Power Corporation,Korea Composite Stock Price Index,Korea Stock Exchange,KRW
034730.KS,"SK Holdings Co., Ltd.",Korea Composite Stock Price Index,Korea Stock Exchange,KRW
000270.KS,Kia Corporation,Korea Composite Stock Price Index,Korea Stock Exchange,KRW
006400.KS,"Samsung SDI Co., Ltd.",Korea Composite Stock Price Index,Korea Stock Exchange,KRW
028260.KS,"CJ ENM Co., Ltd.",Korea Composite Stock Price Index,Korea Stock Exchange,KRW
096770.KS,"SK Innovation Co., Ltd.",Korea Composite Stock Price Index,Korea Stock Exchange,KRW
003550.KS,LG Corporation,Korea Composite Stock Price Index,Korea Stock Exchange,KRW
009540.KS,"Hyundai Heavy Industries Holdings Co., Ltd.",Korea Composite Stock Price Index,Korea Stock Exchange,KRW
017670.KS,"SK Telecom Co., Ltd.",Korea Composite Stock Price Index,Korea Stock Exchange,KRW
032830.KS,"Samsung Life Insurance Co., Ltd.",Korea Composite Stock Price Index,Korea Stock Exchange,KRW
003670.KS,POSCO,Korea Composite Stock Price Index,Korea Stock Exchange,KRW
035720.KS,Kakao Corp.,Korea Composite Stock Price Index,Korea Stock Exchange,KRW